n_col_extra,iteration,model,percision,recall
0,0,svm-linear,0.20862255619945233,0.13104
0,0,svm-poly,0.4154013302594271,0.62704
0,0,svm-rbf,0.6664711684572525,1.0
0,0,svm-sigmoid,0.499879498714653,0.4978
0,0,svm-rbf-approx,0.5495751728110599,0.6106
0,0,LOF-minkowski,0.9959844450080311,0.94252
0,0,LOF-euclidean,0.9959844450080311,0.94252
0,0,LOF-cosine,0.9848064582902091,0.95152
0,1,svm-linear,0.2223548630309123,0.14156
0,1,svm-poly,0.4101057232295789,0.55548
0,1,svm-rbf,0.6679313845989419,0.99992
0,1,svm-sigmoid,0.4959662853702589,0.49428
0,1,svm-rbf-approx,0.5510198135198136,0.75644
0,1,LOF-minkowski,0.9966676764616783,0.9212
0,1,LOF-euclidean,0.9966676764616783,0.9212
0,1,LOF-cosine,0.98186325139434,0.95064
0,2,svm-linear,0.3485168917086926,0.51416
0,2,svm-poly,0.3805520444457509,0.51784
0,2,svm-rbf,0.6621285161837156,0.99992
0,2,svm-sigmoid,0.497786286945076,0.4992
0,2,svm-rbf-approx,0.37542440435771013,0.50864
0,2,LOF-minkowski,0.9965116279069768,0.92556
0,2,LOF-euclidean,0.9965116279069768,0.92556
0,2,LOF-cosine,0.9851031011527845,0.97076
0,3,svm-linear,0.08639276290991331,0.04584
0,3,svm-poly,0.41624661749880615,0.6276
0,3,svm-rbf,0.6681278734096012,0.99984
0,3,svm-sigmoid,0.5009517011658339,0.50532
0,3,svm-rbf-approx,0.4817788201335017,0.42728
0,3,LOF-minkowski,0.9958072166694901,0.94052
0,3,LOF-euclidean,0.9958072166694901,0.94052
0,3,LOF-cosine,0.986504778702982,0.962
0,4,svm-linear,0.09769253820797123,0.05216
0,4,svm-poly,0.38280953077035523,0.52376
0,4,svm-rbf,0.6619177501787464,0.99984
0,4,svm-sigmoid,0.49788570738190163,0.49452
0,4,svm-rbf-approx,0.40878697935353403,0.50132
0,4,LOF-minkowski,0.9964039429707662,0.94208
0,4,LOF-euclidean,0.9964039429707662,0.94208
0,4,LOF-cosine,0.9864703705226796,0.95952
0,5,svm-linear,0.45566651028751426,0.54392
0,5,svm-poly,0.3665242481411608,0.52844
0,5,svm-rbf,0.6663023776522017,0.99988
0,5,svm-sigmoid,0.5022079974071223,0.49584
0,5,svm-rbf-approx,0.5356885611387412,0.62472
0,5,LOF-minkowski,0.9959104515367427,0.94488
0,5,LOF-euclidean,0.9959104515367427,0.94488
0,5,LOF-cosine,0.9838466245156027,0.96476
0,6,svm-linear,0.35082865508071664,0.52244
0,6,svm-poly,0.4220423778693349,0.57364
0,6,svm-rbf,0.6697655726724715,0.99996
0,6,svm-sigmoid,0.5010702471297918,0.515
0,6,svm-rbf-approx,0.4337833955759839,0.302
0,6,LOF-minkowski,0.9961456102783726,0.9304
0,6,LOF-euclidean,0.9961456102783726,0.9304
0,6,LOF-cosine,0.9829497016197783,0.96852
0,7,svm-linear,0.14011892270024484,0.08012
0,7,svm-poly,0.4957876834236443,0.5014
0,7,svm-rbf,0.6689411575820824,0.99996
0,7,svm-sigmoid,0.5006173085347884,0.5028
0,7,svm-rbf-approx,0.5418812447730974,0.49244
0,7,LOF-minkowski,0.9955963924291824,0.94052
0,7,LOF-euclidean,0.9955963924291824,0.94052
0,7,LOF-cosine,0.9855234776837565,0.95036
0,8,svm-linear,0.30779083365818344,0.22108
0,8,svm-poly,0.42058541266794625,0.63108
0,8,svm-rbf,0.6679402570336923,0.99996
0,8,svm-sigmoid,0.5003799544054713,0.50044
0,8,svm-rbf-approx,0.0038330960464352205,0.0014
0,8,LOF-minkowski,0.9961373572732289,0.93872
0,8,LOF-euclidean,0.9961373572732289,0.93872
0,8,LOF-cosine,0.9838122879450599,0.96268
0,9,svm-linear,0.11811315165876778,0.0638
0,9,svm-poly,0.44697902390299427,0.76968
0,9,svm-rbf,0.6645310506167589,0.99988
0,9,svm-sigmoid,0.5011272396471937,0.5068
0,9,svm-rbf-approx,0.4838467854210545,0.54216
0,9,LOF-minkowski,0.9956865257313687,0.93256
0,9,LOF-euclidean,0.9956865257313687,0.93256
0,9,LOF-cosine,0.9802270381836945,0.94984
1,0,svm-linear,0.6101285566932502,0.97008
1,0,svm-poly,0.47424902339365094,0.84496
1,0,svm-rbf,0.6688878184542925,0.9998
1,0,svm-sigmoid,0.5002007548381916,0.49832
1,0,svm-rbf-approx,0.49558022199798185,0.49112
1,0,LOF-minkowski,0.9938520154132572,0.9182
1,0,LOF-euclidean,0.9938520154132572,0.9182
1,0,LOF-cosine,0.9856443981073061,0.9832
1,1,svm-linear,0.4153452832356659,0.57836
1,1,svm-poly,0.4777456043463984,0.64016
1,1,svm-rbf,0.6632867040055211,0.99952
1,1,svm-sigmoid,0.5006142262730335,0.50532
1,1,svm-rbf-approx,0.5196040819458299,0.27088
1,1,LOF-minkowski,0.9943041001782686,0.91472
1,1,LOF-euclidean,0.9943041001782686,0.91472
1,1,LOF-cosine,0.9845800789113455,0.9782
1,2,svm-linear,0.4226536124240378,0.50076
1,2,svm-poly,0.4658560094906206,0.50264
1,2,svm-rbf,0.6664800149321387,0.9998
1,2,svm-sigmoid,0.5023587710604559,0.50688
1,2,svm-rbf-approx,0.3313621533442088,0.065
1,2,LOF-minkowski,0.9922027290448343,0.89584
1,2,LOF-euclidean,0.9922027290448343,0.89584
1,2,LOF-cosine,0.9806136345429785,0.97928
1,3,svm-linear,0.49982007916516735,0.50004
1,3,svm-poly,0.45782094279858393,0.78628
1,3,svm-rbf,0.6656370656370656,0.99992
1,3,svm-sigmoid,0.49816317468006943,0.4936
1,3,svm-rbf-approx,0.6312609841827768,0.22988
1,3,LOF-minkowski,0.9940805559130099,0.927
1,3,LOF-euclidean,0.9940805559130099,0.927
1,3,LOF-cosine,0.9849943829240893,0.982
1,4,svm-linear,0.5122639144242019,0.98076
1,4,svm-poly,0.46288300113993575,0.536
1,4,svm-rbf,0.6652560417332056,0.9998
1,4,svm-sigmoid,0.49803651674021293,0.49208
1,4,svm-rbf-approx,0.2103869184707508,0.07308
1,4,LOF-minkowski,0.9921817632067729,0.9188
1,4,LOF-euclidean,0.9921817632067729,0.9188
1,4,LOF-cosine,0.9823508367452399,0.98852
1,5,svm-linear,0.03226879574184963,0.01552
1,5,svm-poly,0.3992304820972234,0.55616
1,5,svm-rbf,0.66676450184108,0.99956
1,5,svm-sigmoid,0.5033522020153358,0.50152
1,5,svm-rbf-approx,0.5064065470777879,0.49008
1,5,LOF-minkowski,0.9944920440636474,0.91
1,5,LOF-euclidean,0.9944920440636474,0.91
1,5,LOF-cosine,0.9839807769323188,0.9828
1,6,svm-linear,0.35694325318872255,0.51604
1,6,svm-poly,0.5208424364240147,0.4768
1,6,svm-rbf,0.6683513838748496,0.99972
1,6,svm-sigmoid,0.5018857326271866,0.50036
1,6,svm-rbf-approx,0.4778028592927013,0.4572
1,6,LOF-minkowski,0.9927598689881055,0.92144
1,6,LOF-euclidean,0.9927598689881055,0.92144
1,6,LOF-cosine,0.9814406541868762,0.97936
1,7,svm-linear,0.44485465931395457,0.38076
1,7,svm-poly,0.452930174563591,0.75556
1,7,svm-rbf,0.6657343774972031,0.99972
1,7,svm-sigmoid,0.501116427432217,0.50272
1,7,svm-rbf-approx,0.5561195513275593,0.62668
1,7,LOF-minkowski,0.9930041885749933,0.8914
1,7,LOF-euclidean,0.9930041885749933,0.8914
1,7,LOF-cosine,0.9847633674170473,0.97464
1,8,svm-linear,0.5271136376302736,0.75664
1,8,svm-poly,0.461423890378314,0.74352
1,8,svm-rbf,0.668003100526555,0.99968
1,8,svm-sigmoid,0.49967365587011503,0.48996
1,8,svm-rbf-approx,0.5834994632725042,0.761
1,8,LOF-minkowski,0.9932082371892551,0.91252
1,8,LOF-euclidean,0.9932082371892551,0.91252
1,8,LOF-cosine,0.9820473948775233,0.98464
1,9,svm-linear,0.6206327998408051,0.87328
1,9,svm-poly,0.3791687756594117,0.53936
1,9,svm-rbf,0.6667289071460962,0.9998
1,9,svm-sigmoid,0.49809284207109233,0.491
1,9,svm-rbf-approx,0.8762209636378561,0.427
1,9,LOF-minkowski,0.9931143370904785,0.90576
1,9,LOF-euclidean,0.9931143370904785,0.90576
1,9,LOF-cosine,0.9855374384039101,0.984
2,0,svm-linear,0.46857760951865873,0.51984
2,0,svm-poly,0.4191932234905222,0.64928
2,0,svm-rbf,0.6658933951950511,0.99892
2,0,svm-sigmoid,0.4987178459812485,0.49788
2,0,svm-rbf-approx,0.6566247721385398,0.27376
2,0,LOF-minkowski,0.9912245173484542,0.88104
2,0,LOF-euclidean,0.9912245173484542,0.88104
2,0,LOF-cosine,0.9656074328544659,0.9894
2,1,svm-linear,0.47232291194683584,0.50036
2,1,svm-poly,0.4245229645630818,0.66032
2,1,svm-rbf,0.6677986950475987,0.99892
2,1,svm-sigmoid,0.500177690029615,0.50668
2,1,svm-rbf-approx,0.4161718828620308,0.33084
2,1,LOF-minkowski,0.9922209597063194,0.90816
2,1,LOF-euclidean,0.9922209597063194,0.90816
2,1,LOF-cosine,0.9679209158754347,0.99088
2,2,svm-linear,0.5737557721908672,0.17892
2,2,svm-poly,0.45018143080661804,0.54092
2,2,svm-rbf,0.6683893426161467,0.99844
2,2,svm-sigmoid,0.5010792229594692,0.50144
2,2,svm-rbf-approx,0.4891076210465369,0.27032
2,2,LOF-minkowski,0.992399465659404,0.86176
2,2,LOF-euclidean,0.992399465659404,0.86176
2,2,LOF-cosine,0.9680213191205863,0.98804
2,3,svm-linear,0.5086031597059284,0.52024
2,3,svm-poly,0.4307891332470893,0.63936
2,3,svm-rbf,0.6623604000318327,0.99876
2,3,svm-sigmoid,0.49981871651291143,0.49628
2,3,svm-rbf-approx,0.37373403058184945,0.22584
2,3,LOF-minkowski,0.9934105784539182,0.89852
2,3,LOF-euclidean,0.9934105784539182,0.89852
2,3,LOF-cosine,0.9658568870201666,0.99236
2,4,svm-linear,0.43825890100843795,0.51108
2,4,svm-poly,0.38042403603207736,0.55408
2,4,svm-rbf,0.6635667977468381,0.99896
2,4,svm-sigmoid,0.4990498060020587,0.5042
2,4,svm-rbf-approx,0.49795253606328527,0.85608
2,4,LOF-minkowski,0.9920098340503996,0.90384
2,4,LOF-euclidean,0.9920098340503996,0.90384
2,4,LOF-cosine,0.9648623352312612,0.98964
2,5,svm-linear,0.46118264186933716,0.38684
2,5,svm-poly,0.45350237268928395,0.76836
2,5,svm-rbf,0.6639113331915798,0.99916
2,5,svm-sigmoid,0.49955627269060104,0.49536
2,5,svm-rbf-approx,0.4398982404070384,0.083
2,5,LOF-minkowski,0.9927290570077616,0.8902
2,5,LOF-euclidean,0.9927290570077616,0.8902
2,5,LOF-cosine,0.9669466692713421,0.98996
2,6,svm-linear,0.682541567695962,0.45976
2,6,svm-poly,0.43057269175406127,0.67004
2,6,svm-rbf,0.6682278006744099,0.99876
2,6,svm-sigmoid,0.49947833065810593,0.49788
2,6,svm-rbf-approx,0.4650272034820457,0.42736
2,6,LOF-minkowski,0.9917047420485294,0.89424
2,6,LOF-euclidean,0.9917047420485294,0.89424
2,6,LOF-cosine,0.9665597622027534,0.98852
2,7,svm-linear,0.4798509732360097,0.50488
2,7,svm-poly,0.44937254998644016,0.72908
2,7,svm-rbf,0.661841128433556,0.99848
2,7,svm-sigmoid,0.4988980164295732,0.498
2,7,svm-rbf-approx,0.6112700007729768,0.31632
2,7,LOF-minkowski,0.991277285877093,0.9046
2,7,LOF-euclidean,0.991277285877093,0.9046
2,7,LOF-cosine,0.9629974762182101,0.99208
2,8,svm-linear,0.38892240859177024,0.51568
2,8,svm-poly,0.3945187494871584,0.57696
2,8,svm-rbf,0.6668180482461998,0.99844
2,8,svm-sigmoid,0.49765125131610916,0.49156
2,8,svm-rbf-approx,0.5145243971900513,0.4336
2,8,LOF-minkowski,0.9920086199155966,0.88384
2,8,LOF-euclidean,0.9920086199155966,0.88384
2,8,LOF-cosine,0.9669366514066596,0.98848
2,9,svm-linear,0.5135712551590191,0.42308
2,9,svm-poly,0.41943721083103686,0.6636
2,9,svm-rbf,0.6680578965674078,0.9988
2,9,svm-sigmoid,0.49406645569620256,0.4996
2,9,svm-rbf-approx,0.6022760517231291,0.82348
2,9,LOF-minkowski,0.9920886075949367,0.90288
2,9,LOF-euclidean,0.9920886075949367,0.90288
2,9,LOF-cosine,0.9690556294499648,0.99084
3,0,svm-linear,0.1320540156361052,0.07432
3,0,svm-poly,0.4704749445837421,0.51788
3,0,svm-rbf,0.6706306500215239,0.99704
3,0,svm-sigmoid,0.4997197758206565,0.49932
3,0,svm-rbf-approx,0.5605582246625486,0.49004
3,0,LOF-minkowski,0.9920349551681762,0.87184
3,0,LOF-euclidean,0.9920349551681762,0.87184
3,0,LOF-cosine,0.9563508880070887,0.99296
3,1,svm-linear,0.5114714507503881,0.4744
3,1,svm-poly,0.4501618370415679,0.70652
3,1,svm-rbf,0.6640545871315102,0.99656
3,1,svm-sigmoid,0.49816044149404143,0.49828
3,1,svm-rbf-approx,0.546632200452369,0.74436
3,1,LOF-minkowski,0.992608432894798,0.85408
3,1,LOF-euclidean,0.992608432894798,0.85408
3,1,LOF-cosine,0.9541372798396732,0.99028
3,2,svm-linear,0.5310956043396322,0.41708
3,2,svm-poly,0.47263465391950943,0.78308
3,2,svm-rbf,0.6672470134461884,0.99644
3,2,svm-sigmoid,0.500390046025431,0.51316
3,2,svm-rbf-approx,0.463305734969006,0.42752
3,2,LOF-minkowski,0.9918969363135612,0.87156
3,2,LOF-euclidean,0.9918969363135612,0.87156
3,2,LOF-cosine,0.9538876058506544,0.99128
3,3,svm-linear,0.4470595884399077,0.55008
3,3,svm-poly,0.41107138127400344,0.6208
3,3,svm-rbf,0.6640008530603541,0.99632
3,3,svm-sigmoid,0.49850137873156697,0.49896
3,3,svm-rbf-approx,0.11796982167352538,0.02064
3,3,LOF-minkowski,0.9917991708050481,0.87076
3,3,LOF-euclidean,0.9917991708050481,0.87076
3,3,LOF-cosine,0.952240181210888,0.99212
3,4,svm-linear,0.5019365547768351,0.43544
3,4,svm-poly,0.4060797704142641,0.61128
3,4,svm-rbf,0.6631800276801874,0.99668
3,4,svm-sigmoid,0.5010409993593851,0.50056
3,4,svm-rbf-approx,0.5023510445355007,0.59828
3,4,LOF-minkowski,0.9914304243098018,0.85612
3,4,LOF-euclidean,0.9914304243098018,0.85612
3,4,LOF-cosine,0.9520279612843755,0.99148
3,5,svm-linear,0.5379716350013379,0.40208
3,5,svm-poly,0.4654458798444751,0.7422
3,5,svm-rbf,0.6643731498519881,0.99648
3,5,svm-sigmoid,0.49948186528497407,0.50128
3,5,svm-rbf-approx,0.4579963334411733,0.50964
3,5,LOF-minkowski,0.9923162894663313,0.85236
3,5,LOF-euclidean,0.9923162894663313,0.85236
3,5,LOF-cosine,0.9556173053915326,0.99044
3,6,svm-linear,0.2848067287043665,0.12732
3,6,svm-poly,0.4148517726564769,0.6286
3,6,svm-rbf,0.6678545590954155,0.997
3,6,svm-sigmoid,0.498576298375777,0.49728
3,6,svm-rbf-approx,0.45948750196509985,0.58456
3,6,LOF-minkowski,0.9924455705705706,0.84604
3,6,LOF-euclidean,0.9924455705705706,0.84604
3,6,LOF-cosine,0.9526372443487621,0.9912
3,7,svm-linear,0.6319923652914403,0.34436
3,7,svm-poly,0.42617422285077106,0.6268
3,7,svm-rbf,0.6643285771436191,0.99636
3,7,svm-sigmoid,0.49926799511996744,0.49108
3,7,svm-rbf-approx,0.13289689034369886,0.01624
3,7,LOF-minkowski,0.9920674950708424,0.86544
3,7,LOF-euclidean,0.9920674950708424,0.86544
3,7,LOF-cosine,0.9540619700940343,0.99024
3,8,svm-linear,0.519805153185489,0.4866
3,8,svm-poly,0.4419288151635159,0.70972
3,8,svm-rbf,0.6618924879759785,0.99636
3,8,svm-sigmoid,0.4991192954363491,0.49872
3,8,svm-rbf-approx,0.5145208750906222,0.4826
3,8,LOF-minkowski,0.9921989504042362,0.83944
3,8,LOF-euclidean,0.9921989504042362,0.83944
3,8,LOF-cosine,0.9555040556199305,0.98952
3,9,svm-linear,0.4986335403726708,0.48168
3,9,svm-poly,0.41719169451597,0.6092
3,9,svm-rbf,0.665083515662522,0.99704
3,9,svm-sigmoid,0.49954071648228765,0.50032
3,9,svm-rbf-approx,0.4685828400256758,0.5256
3,9,LOF-minkowski,0.9906946141554658,0.8432
3,9,LOF-euclidean,0.9906946141554658,0.8432
3,9,LOF-cosine,0.9505627472822955,0.98984
4,0,svm-linear,0.5350735531608773,0.72892
4,0,svm-poly,0.43609535967698837,0.58756
4,0,svm-rbf,0.6645119931620279,0.99512
4,0,svm-sigmoid,0.4959648985348272,0.5064
4,0,svm-rbf-approx,0.5384082491806773,0.80828
4,0,LOF-minkowski,0.991151692003577,0.84236
4,0,LOF-euclidean,0.991151692003577,0.84236
4,0,LOF-cosine,0.9464565126130595,0.992
4,1,svm-linear,0.5713652154630793,0.9276
4,1,svm-poly,0.42047900968783636,0.625
4,1,svm-rbf,0.6653083109919571,0.99264
4,1,svm-sigmoid,0.4989011867183442,0.49944
4,1,svm-rbf-approx,0.5007080041734983,0.53748
4,1,LOF-minkowski,0.9922119955497117,0.7848
4,1,LOF-euclidean,0.9922119955497117,0.7848
4,1,LOF-cosine,0.94354930865044,0.99084
4,2,svm-linear,0.5415541423468944,0.49732
4,2,svm-poly,0.4355924468024417,0.61084
4,2,svm-rbf,0.6660408732500134,0.99336
4,2,svm-sigmoid,0.5,0.49976
4,2,svm-rbf-approx,0.5477973568281939,0.4974
4,2,LOF-minkowski,0.9907435355669585,0.78776
4,2,LOF-euclidean,0.9907435355669585,0.78776
4,2,LOF-cosine,0.9433588542261837,0.99064
4,3,svm-linear,0.5295812470278889,0.75728
4,3,svm-poly,0.4345138022669342,0.64096
4,3,svm-rbf,0.665148429964634,0.99304
4,3,svm-sigmoid,0.5029237423902595,0.50228
4,3,svm-rbf-approx,0.5307374665581016,0.73004
4,3,LOF-minkowski,0.991210701695079,0.821
4,3,LOF-euclidean,0.991210701695079,0.821
4,3,LOF-cosine,0.9432543299908842,0.99336
4,4,svm-linear,0.3533127969508693,0.27068
4,4,svm-poly,0.4260763935753813,0.63136
4,4,svm-rbf,0.6638066982065057,0.9934
4,4,svm-sigmoid,0.5003789238562483,0.5018
4,4,svm-rbf-approx,0.559328410854536,0.47572
4,4,LOF-minkowski,0.9910324653527071,0.82664
4,4,LOF-euclidean,0.9910324653527071,0.82664
4,4,LOF-cosine,0.9437252512945477,0.99144
4,5,svm-linear,0.4573948574845525,0.36716
4,5,svm-poly,0.4453683857139168,0.68984
4,5,svm-rbf,0.6611722099432802,0.99316
4,5,svm-sigmoid,0.5021022704520882,0.50156
4,5,svm-rbf-approx,0.5371168347860151,0.43876
4,5,LOF-minkowski,0.9923603532096438,0.80016
4,5,LOF-euclidean,0.9923603532096438,0.80016
4,5,LOF-cosine,0.9446307446078805,0.99156
4,6,svm-linear,0.4884357507535216,0.63524
4,6,svm-poly,0.4410896827905996,0.66968
4,6,svm-rbf,0.6648191287118108,0.99316
4,6,svm-sigmoid,0.5027076898391432,0.50128
4,6,svm-rbf-approx,0.5603338430173292,0.7036
4,6,LOF-minkowski,0.992266721294684,0.775
4,6,LOF-euclidean,0.992266721294684,0.775
4,6,LOF-cosine,0.94226827601913,0.993
4,7,svm-linear,0.5091758549803775,0.54492
4,7,svm-poly,0.4487444922227531,0.67624
4,7,svm-rbf,0.6643903484105943,0.99236
4,7,svm-sigmoid,0.49843209122378335,0.48956
4,7,svm-rbf-approx,0.4942571785268414,0.47508
4,7,LOF-minkowski,0.9926663693573163,0.80132
4,7,LOF-euclidean,0.9926663693573163,0.80132
4,7,LOF-cosine,0.9408665327318904,0.99284
4,8,svm-linear,0.49915711395819284,0.47376
4,8,svm-poly,0.43586989874194537,0.68184
4,8,svm-rbf,0.6693300221346434,0.99184
4,8,svm-sigmoid,0.49966088170756034,0.50096
4,8,svm-rbf-approx,0.5570753788624286,0.45288
4,8,LOF-minkowski,0.9934916703093886,0.8182
4,8,LOF-euclidean,0.9934916703093886,0.8182
4,8,LOF-cosine,0.9453104157932848,0.99216
4,9,svm-linear,0.42991658564044827,0.33604
4,9,svm-poly,0.4535823589421643,0.6936
4,9,svm-rbf,0.662936950890592,0.993
4,9,svm-sigmoid,0.4987515102698349,0.49536
4,9,svm-rbf-approx,0.5212719105082357,0.23672
4,9,LOF-minkowski,0.9918237454100367,0.81032
4,9,LOF-euclidean,0.9918237454100367,0.81032
4,9,LOF-cosine,0.9464435785774314,0.99104
5,0,svm-linear,0.31926636191325675,0.22908
5,0,svm-poly,0.4406148867313916,0.65352
5,0,svm-rbf,0.6631790744466801,0.9888
5,0,svm-sigmoid,0.4990281039928728,0.49292
5,0,svm-rbf-approx,0.5048233346652207,0.70752
5,0,LOF-minkowski,0.9934114961610293,0.76596
5,0,LOF-euclidean,0.9934114961610293,0.76596
5,0,LOF-cosine,0.9429158579746546,0.99108
5,1,svm-linear,0.5345043478260869,0.61468
5,1,svm-poly,0.4570596797671033,0.67824
5,1,svm-rbf,0.6626502798082845,0.98992
5,1,svm-sigmoid,0.5029803023723997,0.50968
5,1,svm-rbf-approx,0.5080500058418039,0.86968
5,1,LOF-minkowski,0.9929274937133278,0.75812
5,1,LOF-euclidean,0.9929274937133278,0.75812
5,1,LOF-cosine,0.9377102468155876,0.99236
5,2,svm-linear,0.504840271055179,0.54236
5,2,svm-poly,0.44074386232021967,0.64844
5,2,svm-rbf,0.6620427400781961,0.98888
5,2,svm-sigmoid,0.501479469822869,0.49488
5,2,svm-rbf-approx,0.4263089005235602,0.52112
5,2,LOF-minkowski,0.9928175336678109,0.75196
5,2,LOF-euclidean,0.9928175336678109,0.75196
5,2,LOF-cosine,0.93840799031477,0.99216
5,3,svm-linear,0.4555413741757073,0.51396
5,3,svm-poly,0.4494803617222297,0.66604
5,3,svm-rbf,0.6642651684185059,0.9884
5,3,svm-sigmoid,0.5009937196915494,0.50416
5,3,svm-rbf-approx,0.28906905227844565,0.16544
5,3,LOF-minkowski,0.9923096908287867,0.76388
5,3,LOF-euclidean,0.9923096908287867,0.76388
5,3,LOF-cosine,0.9432553888338792,0.99072
5,4,svm-linear,0.4998778163335125,0.40912
5,4,svm-poly,0.4285999942868569,0.60016
5,4,svm-rbf,0.6652390572390572,0.98788
5,4,svm-sigmoid,0.5010445122931062,0.49888
5,4,svm-rbf-approx,0.5043142017128979,0.63124
5,4,LOF-minkowski,0.9923039923039924,0.74268
5,4,LOF-euclidean,0.9923039923039924,0.74268
5,4,LOF-cosine,0.9414541301865246,0.98928
5,5,svm-linear,0.468054073283529,0.52628
5,5,svm-poly,0.43399830799879924,0.63612
5,5,svm-rbf,0.665170170439271,0.98972
5,5,svm-sigmoid,0.502934179222839,0.50736
5,5,svm-rbf-approx,0.684171322160149,0.3674
5,5,LOF-minkowski,0.992507087889834,0.78416
5,5,LOF-euclidean,0.992507087889834,0.78416
5,5,LOF-cosine,0.9401871283003144,0.9928
5,6,svm-linear,0.502967913328629,0.48468
5,6,svm-poly,0.42230524422305243,0.6104
5,6,svm-rbf,0.6643804298125285,0.98804
5,6,svm-sigmoid,0.49987989430699015,0.49944
5,6,svm-rbf-approx,0.49731267783749605,0.50336
5,6,LOF-minkowski,0.9933333333333333,0.76884
5,6,LOF-euclidean,0.9933333333333333,0.76884
5,6,LOF-cosine,0.942481074295279,0.991
5,7,svm-linear,0.5572551419023862,0.9472
5,7,svm-poly,0.42122495060683035,0.59696
5,7,svm-rbf,0.6602358842992849,0.98972
5,7,svm-sigmoid,0.5028437739502238,0.49864
5,7,svm-rbf-approx,0.4987142461526289,0.50424
5,7,LOF-minkowski,0.9921774484071844,0.77116
5,7,LOF-euclidean,0.9921774484071844,0.77116
5,7,LOF-cosine,0.9416277391667616,0.99176
5,8,svm-linear,0.48364562488630164,0.53172
5,8,svm-poly,0.45125601282736505,0.67544
5,8,svm-rbf,0.6658579323358943,0.988
5,8,svm-sigmoid,0.49775641025641026,0.49696
5,8,svm-rbf-approx,0.5123300003215124,0.6374
5,8,LOF-minkowski,0.9932692307692308,0.78508
5,8,LOF-euclidean,0.9932692307692308,0.78508
5,8,LOF-cosine,0.9424652314726615,0.9894
5,9,svm-linear,0.542528101164191,0.86492
5,9,svm-poly,0.4534431597257751,0.70904
5,9,svm-rbf,0.6638932875278456,0.98944
5,9,svm-sigmoid,0.5018671539806134,0.50532
5,9,svm-rbf-approx,0.48794899704556055,0.50208
5,9,LOF-minkowski,0.9925602729764502,0.70976
5,9,LOF-euclidean,0.9925602729764502,0.70976
5,9,LOF-cosine,0.9393652117856737,0.99088
6,0,svm-linear,0.4429298563659183,0.5082
6,0,svm-poly,0.43720159523675783,0.62268
6,0,svm-rbf,0.6628436044476752,0.9848
6,0,svm-sigmoid,0.49604263612138566,0.49888
6,0,svm-rbf-approx,0.4664626276780117,0.506
6,0,LOF-minkowski,0.9931210473760125,0.71608
6,0,LOF-euclidean,0.9931210473760125,0.71608
6,0,LOF-cosine,0.94229815796499,0.98832
6,1,svm-linear,0.5002193594703466,0.50168
6,1,svm-poly,0.4496790859943008,0.6754
6,1,svm-rbf,0.6628346286701209,0.98248
6,1,svm-sigmoid,0.49929749909678456,0.49752
6,1,svm-rbf-approx,0.3324902276385376,0.23136
6,1,LOF-minkowski,0.993947185173282,0.74224
6,1,LOF-euclidean,0.993947185173282,0.74224
6,1,LOF-cosine,0.9432194676111048,0.99072
6,2,svm-linear,0.20711743772241992,0.10476
6,2,svm-poly,0.44004320158795024,0.603
6,2,svm-rbf,0.6641175993730916,0.98308
6,2,svm-sigmoid,0.500119066518495,0.50404
6,2,svm-rbf-approx,0.4987741091860085,0.48824
6,2,LOF-minkowski,0.9925373134328358,0.64372
6,2,LOF-euclidean,0.9925373134328358,0.64372
6,2,LOF-cosine,0.9421705130650391,0.98796
6,3,svm-linear,0.5142104685613959,0.37488
6,3,svm-poly,0.46116592390324324,0.71608
6,3,svm-rbf,0.66374213751586,0.98348
6,3,svm-sigmoid,0.497180184200917,0.49016
6,3,svm-rbf-approx,0.5008344712486724,0.52816
6,3,LOF-minkowski,0.9936836060867069,0.6922
6,3,LOF-euclidean,0.9936836060867069,0.6922
6,3,LOF-cosine,0.9406493259920258,0.99088
6,4,svm-linear,0.4186351045076807,0.33248
6,4,svm-poly,0.44143097385720836,0.57748
6,4,svm-rbf,0.6602720613882107,0.98436
6,4,svm-sigmoid,0.49865644511183116,0.50476
6,4,svm-rbf-approx,0.53125,0.17408
6,4,LOF-minkowski,0.9942857142857143,0.68904
6,4,LOF-euclidean,0.9942857142857143,0.68904
6,4,LOF-cosine,0.9465710340595275,0.98716
6,5,svm-linear,0.4913167153230032,0.52508
6,5,svm-poly,0.43542954946996465,0.63092
6,5,svm-rbf,0.662061149040667,0.98136
6,5,svm-sigmoid,0.502610540055474,0.49288
6,5,svm-rbf-approx,0.4614747307373654,0.42332
6,5,LOF-minkowski,0.9931965442764579,0.73576
6,5,LOF-euclidean,0.9931965442764579,0.73576
6,5,LOF-cosine,0.9432459216343955,0.98988
6,6,svm-linear,0.48540201773158054,0.50808
6,6,svm-poly,0.4476556307542223,0.58736
6,6,svm-rbf,0.663143134505447,0.98368
6,6,svm-sigmoid,0.4970772021769804,0.4932
6,6,svm-rbf-approx,0.5376317019669891,0.59804
6,6,LOF-minkowski,0.9938416750643825,0.71008
6,6,LOF-euclidean,0.9938416750643825,0.71008
6,6,LOF-cosine,0.9407278108754221,0.99164
6,7,svm-linear,0.4727690149228349,0.4448
6,7,svm-poly,0.4419289633265954,0.61216
6,7,svm-rbf,0.6604756025551559,0.98432
6,7,svm-sigmoid,0.5055215218442689,0.50172
6,7,svm-rbf-approx,0.49283943817130266,0.42948
6,7,LOF-minkowski,0.9934899518822531,0.702
6,7,LOF-euclidean,0.9934899518822531,0.702
6,7,LOF-cosine,0.9411518722676298,0.99028
6,8,svm-linear,0.4820852805854436,0.53228
6,8,svm-poly,0.4374574099817374,0.64196
6,8,svm-rbf,0.6596144048480949,0.98396
6,8,svm-sigmoid,0.5016063142029905,0.50588
6,8,svm-rbf-approx,0.5052056444673895,0.46972
6,8,LOF-minkowski,0.9938901411792621,0.6702
6,8,LOF-euclidean,0.9938901411792621,0.6702
6,8,LOF-cosine,0.9447393545923238,0.98952
6,9,svm-linear,0.501786359439605,0.5
6,9,svm-poly,0.44277286968302804,0.62748
6,9,svm-rbf,0.6640092962922928,0.98284
6,9,svm-sigmoid,0.4973421391752577,0.494
6,9,svm-rbf-approx,0.4815378759040731,0.4554
6,9,LOF-minkowski,0.9930915371329879,0.69
6,9,LOF-euclidean,0.9930915371329879,0.69
6,9,LOF-cosine,0.9417202419446875,0.9902
7,0,svm-linear,0.49823179553126506,0.49592
7,0,svm-poly,0.4346526195899772,0.6106
7,0,svm-rbf,0.6604668715294625,0.98008
7,0,svm-sigmoid,0.5010629336970037,0.49968
7,0,svm-rbf-approx,0.4637304452466907,0.38536
7,0,LOF-minkowski,0.9944023113037197,0.66084
7,0,LOF-euclidean,0.9944023113037197,0.66084
7,0,LOF-cosine,0.9446690054911532,0.99092
7,1,svm-linear,0.5585194734362992,0.90116
7,1,svm-poly,0.44034372269152344,0.60468
7,1,svm-rbf,0.6619603804774938,0.97708
7,1,svm-sigmoid,0.4964014067228265,0.48556
7,1,svm-rbf-approx,0.4100792009282147,0.32516
7,1,LOF-minkowski,0.9937461679950951,0.64832
7,1,LOF-euclidean,0.9937461679950951,0.64832
7,1,LOF-cosine,0.9427710843373494,0.98908
7,2,svm-linear,0.5381269325507049,0.41072
7,2,svm-poly,0.4432066662726789,0.59996
7,2,svm-rbf,0.6607273218872516,0.97748
7,2,svm-sigmoid,0.4974053662657388,0.4946
7,2,svm-rbf-approx,0.5639890487563348,0.38728
7,2,LOF-minkowski,0.9937667518543913,0.63772
7,2,LOF-euclidean,0.9937667518543913,0.63772
7,2,LOF-cosine,0.9457105586249233,0.98596
7,3,svm-linear,0.44415118243243246,0.50484
7,3,svm-poly,0.4565572183342093,0.6602
7,3,svm-rbf,0.657721014199876,0.9764
7,3,svm-sigmoid,0.4990543640094966,0.49608
7,3,svm-rbf-approx,0.5030553836633663,0.52028
7,3,LOF-minkowski,0.9939627108612016,0.67172
7,3,LOF-euclidean,0.9939627108612016,0.67172
7,3,LOF-cosine,0.9435114503816794,0.9888
7,4,svm-linear,0.44852278868672313,0.39836
7,4,svm-poly,0.4501086741750642,0.63784
7,4,svm-rbf,0.6619019203645438,0.97612
7,4,svm-sigmoid,0.49895795022679906,0.4884
7,4,svm-rbf-approx,0.48860200046522445,0.50412
7,4,LOF-minkowski,0.9946334918892548,0.6524
7,4,LOF-euclidean,0.9946334918892548,0.6524
7,4,LOF-cosine,0.94543229704409,0.98896
7,5,svm-linear,0.49063749211024615,0.4664
7,5,svm-poly,0.428783427723432,0.56632
7,5,svm-rbf,0.6623203759541466,0.97528
7,5,svm-sigmoid,0.499194782188582,0.49596
7,5,svm-rbf-approx,0.47059508898663016,0.64624
7,5,LOF-minkowski,0.9945774966109354,0.61628
7,5,LOF-euclidean,0.9945774966109354,0.61628
7,5,LOF-cosine,0.9436786890267249,0.98588
7,6,svm-linear,0.5026782214867396,0.46172
7,6,svm-poly,0.4298639767690662,0.56252
7,6,svm-rbf,0.6605175021607606,0.9782
7,6,svm-sigmoid,0.5050101800471076,0.506
7,6,svm-rbf-approx,0.48702985120229764,0.6376
7,6,LOF-minkowski,0.9939978173881412,0.6558
7,6,LOF-euclidean,0.9939978173881412,0.6558
7,6,LOF-cosine,0.9430316914852998,0.98792
7,7,svm-linear,0.5750712250712251,0.32296
7,7,svm-poly,0.4559503697344005,0.65852
7,7,svm-rbf,0.6617981790591806,0.97692
7,7,svm-sigmoid,0.49962291112610646,0.50348
7,7,svm-rbf-approx,0.5165309056061332,0.56056
7,7,LOF-minkowski,0.9942119323241317,0.62524
7,7,LOF-euclidean,0.9942119323241317,0.62524
7,7,LOF-cosine,0.9444167210471767,0.98412
7,8,svm-linear,0.4741913282863042,0.52364
7,8,svm-poly,0.4489737579326511,0.62824
7,8,svm-rbf,0.6607774806170138,0.9784
7,8,svm-sigmoid,0.5001208702659146,0.49652
7,8,svm-rbf-approx,0.4910324560266217,0.45448
7,8,LOF-minkowski,0.9939352257096411,0.63588
7,8,LOF-euclidean,0.9939352257096411,0.63588
7,8,LOF-cosine,0.9408004869882819,0.98912
7,9,svm-linear,0.5841750841750841,0.38864
7,9,svm-poly,0.43767820162669946,0.58332
7,9,svm-rbf,0.6600664523623004,0.9774
7,9,svm-sigmoid,0.5001994574756662,0.50156
7,9,svm-rbf-approx,0.5515650912106136,0.42572
7,9,LOF-minkowski,0.9936748893105629,0.6284
7,9,LOF-euclidean,0.9936748893105629,0.6284
7,9,LOF-cosine,0.9415757760658988,0.9876
8,0,svm-linear,0.48615497276763237,0.42488
8,0,svm-poly,0.45553461795635525,0.59952
8,0,svm-rbf,0.6616065090372959,0.96928
8,0,svm-sigmoid,0.49952331770874714,0.503
8,0,svm-rbf-approx,0.4624365001735399,0.58624
8,0,LOF-minkowski,0.9952570800109981,0.57916
8,0,LOF-euclidean,0.9952570800109981,0.57916
8,0,LOF-cosine,0.9475041373205557,0.98476
8,1,svm-linear,0.4800501962803269,0.59676
8,1,svm-poly,0.4429315652379825,0.59856
8,1,svm-rbf,0.6609041827998037,0.96952
8,1,svm-sigmoid,0.4985691830236589,0.4948
8,1,svm-rbf-approx,0.43870523415977963,0.33124
8,1,LOF-minkowski,0.9949212798374809,0.54852
8,1,LOF-euclidean,0.9949212798374809,0.54852
8,1,LOF-cosine,0.9490879704456245,0.98652
8,2,svm-linear,0.5444760566277037,0.63536
8,2,svm-poly,0.4561980220274219,0.64948
8,2,svm-rbf,0.6566369288997026,0.97156
8,2,svm-sigmoid,0.5009594627008875,0.50124
8,2,svm-rbf-approx,0.49114211805283375,0.50124
8,2,LOF-minkowski,0.9958095986381196,0.60836
8,2,LOF-euclidean,0.9958095986381196,0.60836
8,2,LOF-cosine,0.9489163490780306,0.986
8,3,svm-linear,0.5006149539844778,0.47216
8,3,svm-poly,0.4548624564122433,0.65744
8,3,svm-rbf,0.6591088060390474,0.97092
8,3,svm-sigmoid,0.5018213152637969,0.51248
8,3,svm-rbf-approx,0.6747373229785291,0.41356
8,3,LOF-minkowski,0.9956425458961354,0.55752
8,3,LOF-euclidean,0.9956425458961354,0.55752
8,3,LOF-cosine,0.9513735518617537,0.98216
8,4,svm-linear,0.46318535510277514,0.41192
8,4,svm-poly,0.45240568697871836,0.60968
8,4,svm-rbf,0.6598294789027812,0.96892
8,4,svm-sigmoid,0.504210736379964,0.50532
8,4,svm-rbf-approx,0.49994772608468374,0.38256
8,4,LOF-minkowski,0.9948799557185359,0.57516
8,4,LOF-euclidean,0.9948799557185359,0.57516
8,4,LOF-cosine,0.948816008034921,0.98248
8,5,svm-linear,0.5127248169474657,0.577
8,5,svm-poly,0.4342093158750115,0.5664
8,5,svm-rbf,0.6609143698372454,0.96972
8,5,svm-sigmoid,0.5048528241845665,0.50768
8,5,svm-rbf-approx,0.5046737453489427,0.44488
8,5,LOF-minkowski,0.9942038868053188,0.5832
8,5,LOF-euclidean,0.9942038868053188,0.5832
8,5,LOF-cosine,0.9507373947957687,0.98504
8,6,svm-linear,0.5064698516297955,0.53388
8,6,svm-poly,0.468717277486911,0.7162
8,6,svm-rbf,0.6596213481312224,0.96996
8,6,svm-sigmoid,0.4956511185727578,0.49008
8,6,svm-rbf-approx,0.4636166436600276,0.28212
8,6,LOF-minkowski,0.9945652173913043,0.549
8,6,LOF-euclidean,0.9945652173913043,0.549
8,6,LOF-cosine,0.9503244746600742,0.98408
8,7,svm-linear,0.4998799135377472,0.49952
8,7,svm-poly,0.4512897154876564,0.65224
8,7,svm-rbf,0.6555300472653612,0.97084
8,7,svm-sigmoid,0.49933529388067516,0.4958
8,7,svm-rbf-approx,0.5836539030597148,0.39448
8,7,LOF-minkowski,0.9931629013079667,0.53456
8,7,LOF-euclidean,0.9931629013079667,0.53456
8,7,LOF-cosine,0.9464134043703188,0.98056
8,8,svm-linear,0.5035849678589088,0.48884
8,8,svm-poly,0.4682176870748299,0.68828
8,8,svm-rbf,0.659151409789754,0.97064
8,8,svm-sigmoid,0.4964524711763283,0.4926
8,8,svm-rbf-approx,0.5076444785145436,0.4768
8,8,LOF-minkowski,0.9957926167209555,0.58696
8,8,LOF-euclidean,0.9957926167209555,0.58696
8,8,LOF-cosine,0.9498898891164085,0.98344
8,9,svm-linear,0.5002849234776946,0.49164
8,9,svm-poly,0.465945480476844,0.6926
8,9,svm-rbf,0.6558023890600508,0.97064
8,9,svm-sigmoid,0.5021229316296972,0.50616
8,9,svm-rbf-approx,0.6247566941974854,0.47504
8,9,LOF-minkowski,0.9948931341025156,0.6312
8,9,LOF-euclidean,0.9948931341025156,0.6312
8,9,LOF-cosine,0.9457269060879585,0.98488
9,0,svm-linear,0.4953560371517028,0.4608
9,0,svm-poly,0.4493206401603348,0.6098
9,0,svm-rbf,0.6584665061295972,0.96252
9,0,svm-sigmoid,0.4977125729610349,0.5048
9,0,svm-rbf-approx,0.494373795761079,0.51316
9,0,LOF-minkowski,0.9955914219532243,0.53296
9,0,LOF-euclidean,0.9955914219532243,0.53296
9,0,LOF-cosine,0.9526252380397187,0.98048
9,1,svm-linear,0.5029230588142974,0.51272
9,1,svm-poly,0.4428609209250389,0.60284
9,1,svm-rbf,0.6533228534258456,0.9642
9,1,svm-sigmoid,0.49847829569117413,0.49792
9,1,svm-rbf-approx,0.5280379371665679,0.35632
9,1,LOF-minkowski,0.9950118947126084,0.51864
9,1,LOF-euclidean,0.9950118947126084,0.51864
9,1,LOF-cosine,0.9525269777191212,0.98156
9,2,svm-linear,0.528005610269232,0.69268
9,2,svm-poly,0.4510131839339967,0.64724
9,2,svm-rbf,0.6580553351030349,0.96184
9,2,svm-sigmoid,0.4950475197497694,0.4938
9,2,svm-rbf-approx,0.5197189729475247,0.57404
9,2,LOF-minkowski,0.9965462656497338,0.554
9,2,LOF-euclidean,0.9965462656497338,0.554
9,2,LOF-cosine,0.9555217119650109,0.97876
9,3,svm-linear,0.5003245172805452,0.49336
9,3,svm-poly,0.46145010768126343,0.6428
9,3,svm-rbf,0.6570049626438349,0.9638
9,3,svm-sigmoid,0.4997960349188219,0.49008
9,3,svm-rbf-approx,0.45520539461914267,0.52924
9,3,LOF-minkowski,0.9955555555555555,0.50176
9,3,LOF-euclidean,0.9955555555555555,0.50176
9,3,LOF-cosine,0.9516485219480066,0.98252
9,4,svm-linear,0.5637050174495108,0.39412
9,4,svm-poly,0.44146711124583204,0.58256
9,4,svm-rbf,0.661014620204463,0.96212
9,4,svm-sigmoid,0.49968381946091217,0.50572
9,4,svm-rbf-approx,0.508832939212686,0.58528
9,4,LOF-minkowski,0.9948330683624801,0.5006
9,4,LOF-euclidean,0.9948330683624801,0.5006
9,4,LOF-cosine,0.955407563188846,0.98128
9,5,svm-linear,0.49567524725180057,0.57536
9,5,svm-poly,0.4454565036772625,0.57904
9,5,svm-rbf,0.6567990832696715,0.96292
9,5,svm-sigmoid,0.5026729434293465,0.504
9,5,svm-rbf-approx,0.5950857672693556,0.25672
9,5,LOF-minkowski,0.9961428681632338,0.51652
9,5,LOF-euclidean,0.9961428681632338,0.51652
9,5,LOF-cosine,0.9542926051270082,0.98128
9,6,svm-linear,0.4964876867178038,0.49192
9,6,svm-poly,0.4498624730925616,0.60188
9,6,svm-rbf,0.654980795946719,0.9618
9,6,svm-sigmoid,0.5014661594547472,0.5062
9,6,svm-rbf-approx,0.4595507382972039,0.70212
9,6,LOF-minkowski,0.9953044294881828,0.50872
9,6,LOF-euclidean,0.9953044294881828,0.50872
9,6,LOF-cosine,0.9552658287141853,0.97888
9,7,svm-linear,0.38214687310786266,0.17672
9,7,svm-poly,0.4590549637278609,0.56192
9,7,svm-rbf,0.6596735319894829,0.96344
9,7,svm-sigmoid,0.4976486193174967,0.49524
9,7,svm-rbf-approx,0.43803066989507666,0.54272
9,7,LOF-minkowski,0.9948362235067437,0.51632
9,7,LOF-euclidean,0.9948362235067437,0.51632
9,7,LOF-cosine,0.9559428235754847,0.9764
9,8,svm-linear,0.5380748931892435,0.68512
9,8,svm-poly,0.4541311839594429,0.6378
9,8,svm-rbf,0.6590454258848041,0.9616
9,8,svm-sigmoid,0.4962996096291477,0.4882
9,8,svm-rbf-approx,0.5002181427660503,0.5962
9,8,LOF-minkowski,0.9955947136563876,0.53336
9,8,LOF-euclidean,0.9955947136563876,0.53336
9,8,LOF-cosine,0.9517484413120086,0.98308
9,9,svm-linear,0.4327645051194539,0.55792
9,9,svm-poly,0.45442306613563693,0.64808
9,9,svm-rbf,0.65844838921762,0.96144
9,9,svm-sigmoid,0.4979824065854249,0.49364
9,9,svm-rbf-approx,0.4722101291539689,0.39048
9,9,LOF-minkowski,0.9956581169092225,0.49532
9,9,LOF-euclidean,0.9956581169092225,0.49532
9,9,LOF-cosine,0.9517022347883342,0.98288
10,0,svm-linear,0.3686287405458731,0.26904
10,0,svm-poly,0.4466952193540919,0.61744
10,0,svm-rbf,0.659790103286905,0.95308
10,0,svm-sigmoid,0.5002557544757034,0.50856
10,0,svm-rbf-approx,0.5691377355434372,0.84328
10,0,LOF-minkowski,0.9965983349744875,0.44532
10,0,LOF-euclidean,0.9965983349744875,0.44532
10,0,LOF-cosine,0.9587852494577006,0.9724
10,1,svm-linear,0.516081486550508,0.39216
10,1,svm-poly,0.455778408747659,0.60356
10,1,svm-rbf,0.6560235009883594,0.9558
10,1,svm-sigmoid,0.49881263835781847,0.49572
10,1,svm-rbf-approx,0.45550597527824793,0.35524
10,1,LOF-minkowski,0.9958872943647182,0.45524
10,1,LOF-euclidean,0.9958872943647182,0.45524
10,1,LOF-cosine,0.9584970916522559,0.97552
10,2,svm-linear,0.4958761677676582,0.50744
10,2,svm-poly,0.46743404182574505,0.65624
10,2,svm-rbf,0.6579643822021283,0.95468
10,2,svm-sigmoid,0.5028235106975264,0.50576
10,2,svm-rbf-approx,0.4990762215495892,0.50784
10,2,LOF-minkowski,0.9970193740685543,0.45492
10,2,LOF-euclidean,0.9970193740685543,0.45492
10,2,LOF-cosine,0.9592913385826771,0.97464
10,3,svm-linear,0.49829523929789116,0.47352
10,3,svm-poly,0.45309136570198516,0.6062
10,3,svm-rbf,0.6583563154991726,0.95488
10,3,svm-sigmoid,0.49571931509041445,0.49564
10,3,svm-rbf-approx,0.5043844387222493,0.5798
10,3,LOF-minkowski,0.996139689379657,0.44384
10,3,LOF-euclidean,0.996139689379657,0.44384
10,3,LOF-cosine,0.9600741705132757,0.9734
10,4,svm-linear,0.5024441868669052,0.3988
10,4,svm-poly,0.4598914017017465,0.65724
10,4,svm-rbf,0.6589851539995568,0.95168
10,4,svm-sigmoid,0.5014056622451,0.50652
10,4,svm-rbf-approx,0.49360309431716753,0.46452
10,4,LOF-minkowski,0.9955882352941177,0.43328
10,4,LOF-euclidean,0.9955882352941177,0.43328
10,4,LOF-cosine,0.958584307704421,0.97396
10,5,svm-linear,0.47090480995627315,0.392
10,5,svm-poly,0.4504270666706909,0.59696
10,5,svm-rbf,0.6582522136061156,0.95752
10,5,svm-sigmoid,0.5008438479466366,0.49856
10,5,svm-rbf-approx,0.4996645871067284,0.59588
10,5,LOF-minkowski,0.9957446808510638,0.45864
10,5,LOF-euclidean,0.9957446808510638,0.45864
10,5,LOF-cosine,0.9603302535875762,0.97704
10,6,svm-linear,0.5235076221684001,0.58792
10,6,svm-poly,0.46087106909174763,0.63956
10,6,svm-rbf,0.6587732598208133,0.95588
10,6,svm-sigmoid,0.4975568727971804,0.49692
10,6,svm-rbf-approx,0.5344147303814116,0.63388
10,6,LOF-minkowski,0.9964976651100734,0.478
10,6,LOF-euclidean,0.9964976651100734,0.478
10,6,LOF-cosine,0.9587948778380077,0.97636
10,7,svm-linear,0.49492655408623026,0.54044
10,7,svm-poly,0.46770652801848644,0.64768
10,7,svm-rbf,0.6577062906246557,0.9552
10,7,svm-sigmoid,0.497977153736316,0.5022
10,7,svm-rbf-approx,0.49684691546077686,0.65236
10,7,LOF-minkowski,0.9964630779848171,0.46204
10,7,LOF-euclidean,0.9964630779848171,0.46204
10,7,LOF-cosine,0.9597360254546883,0.97728
10,8,svm-linear,0.5166262362381041,0.55372
10,8,svm-poly,0.44033251231527093,0.57208
10,8,svm-rbf,0.6548237298381557,0.95324
10,8,svm-sigmoid,0.5003792566569524,0.50136
10,8,svm-rbf-approx,0.5071924805884757,0.49644
10,8,LOF-minkowski,0.9966155871016263,0.42404
10,8,LOF-euclidean,0.9966155871016263,0.42404
10,8,LOF-cosine,0.9606057021175914,0.9744
10,9,svm-linear,0.5058412672015965,0.48668
10,9,svm-poly,0.4600459242250287,0.64112
10,9,svm-rbf,0.657092598191463,0.95628
10,9,svm-sigmoid,0.5014252909969119,0.5066
10,9,svm-rbf-approx,0.5046838407494145,0.87924
10,9,LOF-minkowski,0.9954120498614959,0.45996
10,9,LOF-euclidean,0.9954120498614959,0.45996
10,9,LOF-cosine,0.9582055516238106,0.97484
